question,answer_v1,answer_v2,run1_winner,run2_winner,winner_after_swap,len_v1,len_v2
Dữ liệu cá nhân cơ bản bao gồm những thông tin nào theo Nghị định 13/2023/NĐ-CP?,I don't have enough information to answer this.,"Xin lỗi, nhưng tôi không có thông tin về Nghị định 13/2023/NĐ-CP trong bối cảnh đã cung cấp.",B,B,B,47,92
What are the three types of input guardrails mentioned for LLM systems?,I don't have enough information to answer this.,The provided context does not mention any input guardrails for LLM systems.,B,B,B,47,75
"If a RAG pipeline evaluates with a faithfulness score of 0.90, an answer relevancy score of 0.78, a context precision score of 0.72, and a context recall score of 0.80, which target thresholds has it met, and what improvements are necessary for it to be fully compliant with production standards?",I don't have enough information to answer this.,"Based on the provided scores, the RAG pipeline has met the faithfulness score threshold (0.90) but has not met the thresholds for answer relevancy (0.78), context precision (0.72), and context recall (0.80). To be fully compliant with production standards, improvements are necessary in answer relevancy, context precision, and context recall, likely requiring enhancements in the model's ability to generate relevant answers and accurately utilize context.",B,B,B,47,457
Mật khẩu phải có ít nhất bao nhiêu ký tự và bao gồm những yếu tố nào?,"Mật khẩu phải có ít nhất 12 ký tự, bao gồm chữ hoa, chữ thường, số và ký tự đặc biệt.","Mật khẩu phải có ít nhất 12 ký tự, bao gồm chữ hoa, chữ thường, số và ký tự đặc biệt.",tie,tie,tie,85,85
Lao động nữ được nghỉ thai sản trong bao lâu?,Lao động nữ được nghỉ thai sản trước và sau khi sinh là 06 tháng.,Lao động nữ được nghỉ thai sản trước và sau khi sinh là 06 tháng.,tie,tie,tie,65,65
What is the maximum training cost support per employee per year provided by the company?,The maximum training cost support per employee per year provided by the company is 5 million đồng.,The maximum training cost support per employee per year provided by the company is 5 million đồng.,tie,tie,tie,98,98
"What are the target thresholds for faithfulness, answer relevancy, context precision, and context recall in RAGAS?",I don't have enough information to answer this.,"I'm unsure as the provided context does not contain information regarding the target thresholds for faithfulness, answer relevancy, context precision, and context recall in RAGAS.",B,B,B,47,179
"If an employee has worked for 12 years and wants to take a vacation, how many total paid leave days do they have, and what is the minimum notice period required for their leave request?","An employee who has worked for 12 years is entitled to 12 days of paid leave plus an additional 2 days for their 10 years of service (1 day for every 5 years). Therefore, they have a total of 14 paid leave days. The minimum notice period required for their leave request is 3 working days.","An employee with 12 years of service is entitled to 12 days of paid leave plus an additional 2 days for their 10 years of service (1 extra day for every 5 years), totaling 14 days of paid leave. The minimum notice period required for their leave request is 3 working days.",tie,tie,tie,289,272
"Khi nhân viên làm việc từ xa, công ty cần lưu ý điều gì liên quan đến bảo vệ dữ liệu cá nhân và các biện pháp bảo mật nào được áp dụng?","Khi nhân viên làm việc từ xa, công ty cần lưu ý rằng dữ liệu cá nhân của khách hàng và nhân viên phải được mã hóa khi lưu trữ và truyền tải. Nhân viên phải sử dụng VPN dùng WireGuard AES-256 của công ty và không được truy cập dữ liệu công ty qua mạng WiFi công cộng không được bảo mật khi không có VPN. Mọi kết nối từ xa đều được ghi log và theo dõi bởi bộ phận IT, và truy cập vào hệ thống nhạy cảm từ xa cần xác thực đa yếu tố (MFA).","Khi nhân viên làm việc từ xa, công ty cần lưu ý rằng dữ liệu cá nhân của khách hàng và nhân viên phải được mã hóa khi lưu trữ và truyền tải. Nhân viên phải sử dụng VPN của công ty với giao thức WireGuard AES-256 và không được truy cập dữ liệu qua mạng WiFi công cộng không bảo mật. Mọi kết nối từ xa đều được ghi log và theo dõi bởi bộ phận IT, và truy cập vào hệ thống nhạy cảm từ xa cần xác thực đa yếu tố (MFA).",tie,tie,tie,435,414
What measures are taken to protect sensitive information in LLM systems and remote work environments?,I don't have enough information to answer this.,"The context provided does not specifically address measures taken to protect sensitive information in LLM systems. However, it outlines several security protocols for remote work environments, such as using a company-approved VPN for remote access, ensuring data is encrypted during storage and transmission, and requiring multi-factor authentication for accessing sensitive systems remotely.",B,B,B,47,392
How does the company's professional training support align with the latency management goals in programming projects?,I don't have enough information to answer this.,"The provided context does not contain information regarding latency management goals in programming projects or how the company's professional training support aligns with them. Therefore, I cannot answer the question.",B,B,B,47,218
What could be the potential consequences for an employee who fails to change their password within the required 90 days and does not report a password leak?,I don't have enough information to answer this.,"The potential consequences for an employee who fails to change their password within the required 90 days and does not report a password leak could include disciplinary action from the company, as this violates the established security policies. This could lead to loss of access to company systems, potential termination of employment, or other penalties as deemed appropriate by the management or the IT department.",B,B,B,47,417
"What commitment must employees make after receiving training support from the company, and how does this relate to the detection of personally identifiable information in Vietnamese documents?",I don't have enough information to answer this.,Employees must commit to working at least 1 year after receiving training support valued over 10 million đồng. The context does not provide information on how this relates to the detection of personally identifiable information in Vietnamese documents.,B,B,B,47,252
"How does the use of regex patterns for structured formats differ from NER models for unstructured text in the context of PII detection, and what implications does this have for processing Vietnamese documents?",I don't have enough information to answer this.,I'm unsure how regex patterns and NER models specifically apply to PII detection in the context of Vietnamese documents based on the provided context.,B,B,B,47,150
How might the use of explicit rubrics to address length bias impact the overall evaluation process in LLM-as-Judge compared to simply swapping answers to mitigate position bias?,I don't have enough information to answer this.,I'm unsure how the provided context relates to the question about LLM-as-Judge and evaluation processes.,tie,B,tie,47,104
"How does the performance of FAISS in terms of latency for top-5 retrieval over 100k vectors compare to what might be expected for similar systems handling larger datasets, such as billion-scale indices?",I don't have enough information to answer this.,"I'm unsure, as the provided context does not contain information regarding FAISS performance or latency for vector retrieval.",tie,B,tie,47,125
What are the conditions regarding sick leave and the training support provided by the company for employees?,"For sick leave, employees are entitled to paid sick leave according to the Labor Code, and they must submit a medical certificate within 3 working days after returning to work. There is no limit on the number of paid sick leave days, but from the fourth day onward, a doctor's note is required. Employees who are sick for more than 14 consecutive days must notify the HR department.

Regarding training support, the company provides a maximum of 5 million VND per year per employee for professional training. Employees must commit to working at least 1 year after receiving training support valued over 10 million VND. Additionally, there is a quarterly internal mentoring program to help employees develop their skills, and all employees can propose to participate in external courses relevant to their work.","Employees are entitled to paid sick leave according to the Labor Code, with no limit on the number of days, but from the fourth day onward, a medical certificate is required. If an employee is sick for more than 14 consecutive days, they must inform the HR department. For training support, the company covers up to 5 million VND per year per employee, and employees must commit to working at least one year after receiving training valued over 10 million VND.",A,A,A,809,460
"If an employee in an office job starts on January 1st and successfully completes their probation period, when can they expect to sign their official employment contract and receive their first full salary payment?","The employee can expect to sign their official employment contract after 60 days of probation, which would be on March 2nd. They will receive their first full salary payment on April 10th, as salaries are paid on the 10th of the month for the previous month.","The employee can expect to sign their official employment contract after completing the 60-day probation period, which would be on March 2nd. They will receive their first full salary payment on April 10th, for the month of March.",B,tie,tie,258,230
How many days of annual leave is a regular employee entitled to each year?,A regular employee is entitled to 12 days of annual leave each year.,A regular employee is entitled to 12 days of annual leave each year.,tie,tie,tie,68,68
"How can FAISS be utilized to improve the evaluation process in LLM-as-Judge, considering its capabilities in handling embeddings and the known biases in scoring outputs?",I don't have enough information to answer this.,"I'm unsure about the specific application of FAISS in the context of LLM-as-Judge and its evaluation process, as the provided context does not cover this topic.",B,B,B,47,160
How does the role of the retrieval component in RAG systems affect the faithfulness and relevancy of the generated answers?,I don't have enough information to answer this.,I'm unsure as the provided context does not contain information about RAG systems or their retrieval components.,B,tie,tie,47,112
"How can RAG systems ensure the ethical use of personal data when generating responses based on retrieved information, in accordance with Vietnam's regulations on personal data protection outlined in Nghị định 13/2023/NĐ-CP?",I don't have enough information to answer this.,I'm unsure as the provided context does not include information about RAG systems or Vietnam's regulations on personal data protection outlined in Nghị định 13/2023/NĐ-CP.,B,B,B,47,171
What is the typical latency for top-5 retrieval over 100k vectors in FAISS?,I don't have enough information to answer this.,"I'm not sure, as the provided context does not contain information about FAISS or its performance metrics.",tie,B,tie,47,106
"How do the input guardrails and output guardrails collectively contribute to the safety of LLM systems, and what might be a potential consequence if one of these levels were to be ineffective?",I don't have enough information to answer this.,I'm unsure as the provided context does not relate to LLM systems or their safety measures.,tie,tie,tie,47,91
How do the policies regarding vacation days for employees relate to the principles of retrieval-augmented generation systems in terms of ensuring relevant and context-supported answers?,I don't have enough information to answer this.,"The policies regarding vacation days for employees emphasize structured guidelines and clear criteria for taking leave, which aligns with retrieval-augmented generation systems by ensuring that information is organized and contextually relevant. Such systems rely on well-defined data to generate accurate responses, similar to how the vacation policy outlines specific rules for annual leave, additional days based on tenure, and the process for requesting time off. This structured approach helps in retrieving pertinent information efficiently, ensuring that responses are both relevant and supported by the established context.",B,B,B,47,631
What are the known biases in LLM-as-Judge evaluation?,I don't have enough information to answer this.,The provided context does not contain information about biases in LLM-as-Judge evaluation.,B,B,B,47,90
"What security measures must remote employees follow when accessing sensitive company data, and how are PII detection techniques relevant in the context of handling customer and employee data?",I don't have enough information to answer this.,"Remote employees must use the company's VPN with WireGuard AES-256 when accessing sensitive company data and are prohibited from using unsecured public WiFi without the VPN. Additionally, access to sensitive systems requires multi-factor authentication (MFA). Regarding PII detection techniques, they are relevant as personal data of customers and employees must be encrypted during storage and transmission, ensuring that sensitive information is protected against unauthorized access.",B,B,B,47,486
Thời gian thử việc đối với công việc văn phòng là bao lâu?,Thời gian thử việc đối với công việc văn phòng là 60 ngày.,Thời gian thử việc đối với công việc văn phòng là 60 ngày.,tie,tie,tie,58,58
"How does the evaluation method of LLM-as-Judge mitigate biases, and how might this relate to the approval process for employee leave requests outlined in the leave policy?",I don't have enough information to answer this.,"The context provided does not contain information about the evaluation method of LLM-as-Judge or its relation to biases, nor does it discuss how this might connect to the approval process for employee leave requests. Therefore, I cannot provide an answer based on the given context.",B,B,B,47,282
Nhân viên phải làm gì khi kết thúc hợp đồng với công ty?,Nhân viên phải trả lại tất cả thiết bị và tài liệu công ty trong vòng 24 giờ.,"Khi kết thúc hợp đồng với công ty, nhân viên phải trả lại tất cả thiết bị và tài liệu công ty trong vòng 24 giờ.",B,A,tie,77,112
